{
  "camera_position_cm": {
    "X": 27.21,
    "Y": 18.87,
    "Z": -72.24,
    "distance_to_chessboard_center_cm": 79.47
  },
  "rotation_matrix": [
    [
      0.997530215880752,
      0.016411247137338377,
      -0.068294504700581
    ],
    [
      -0.026746503322467353,
      0.9878186589685848,
      -0.15329357962265772
    ],
    [
      0.06494684722849693,
      0.15474161677100334,
      0.9858179036080519
    ]
  ],
  "translation_vector": [
    -32.38565602667952,
    -28.98527167777062,
    66.52936699576483
  ]
}